Antoine Jobard: Meursault, Premier Cru, Blagny 2018|Antoine Jobard|Burgundy|Meursault|France|Premier Cru|2018|["Chardonnay"]|White|Wine|**Antoine Jobard: Meursault, Premier Cru, Blagny 2018**

- **Description:** This Premier Cru white wine from Burgundy, France, is a blend of Chardonnay grapes. It has a complex and elegant flavor profile with notes of citrus, white flowers, and minerals.

- **Tasting Notes:** On the palate, it is well-balanced with a crisp acidity and a long, lingering finish.

- **Suggested Pairings:** This wine pairs well with seafood, poultry, and creamy sauces.
Benjamin Leroux: Meursault, Premier Cru, Genevrieres 2020|Benjamin Leroux|Burgundy|Meursault|France|Premier Cru|2020|["Chardonnay"]|White|Wine|**Title:** Benjamin Leroux: Meursault, Premier Cru, Genevrieres 2020

- **Description:** This Premier Cru white wine from Burgundy, France, is produced by Benjamin Leroux and made exclusively from Chardonnay grapes.

- **Tasting Notes:** Expect a complex and elegant wine with aromas of citrus, white flowers, and minerals. On the palate, it offers a rich and concentrated texture with flavors of ripe fruit, toasted almonds, and a hint of salinity.

- **Suggested Pairings:** Pairs well with grilled or roasted seafood, poultry, and creamy pasta dishes.
Antoine Jobard: Saint-Aubin, Premier Cru, Sur le Sentier du Clou 2016|Antoine Jobard|Burgundy|Saint-Aubin|France|Premier Cru|2016|["Chardonnay"]|White|Wine|**Title:** Antoine Jobard: Saint-Aubin, Premier Cru, Sur le Sentier du Clou 2016

* **Description:** This Premier Cru white wine from Burgundy, France, is a Chardonnay from the renowned Antoine Jobard winery.

* **Tasting Notes:** Crisp and elegant, with aromas of citrus, white flowers, and minerals. On the palate, it is well-balanced with a lively acidity and a long, lingering finish.

* **Suggested Pairings:** Seafood, poultry, and creamy pasta dishes.
Antoine Jobard: Saint-Aubin, Premier Cru, Sur le Sentier du Clou 2018|Antoine Jobard|Burgundy|Saint-Aubin|France|Premier Cru|2018|["Chardonnay"]|White|Wine|**Burgundy, France: Antoine Jobard: Saint-Aubin, Premier Cru, Sur le Sentier du Clou 2018**

* **Description:** This Premier Cru white wine from the renowned Burgundy region of France is crafted from 100% Chardonnay grapes.
* **Tasting Notes:** Expect a complex and elegant palate with notes of ripe citrus, white flowers, and subtle oak.
* **Suggested Pairings:** Ideal accompaniment to grilled or roasted seafood, poultry, and creamy pasta dishes.
Champy: Mazis-Chambertin, Grand Cru 2005|Champy|Burgundy|Mazis-Chambertin|France|Grand Cru|2005|["Pinot Noir"]|Red|Wine|**Title:** Champy: Mazis-Chambertin, Grand Cru 2005

* **Descriptions:** This Grand Cru red wine from the renowned Burgundy region of France is a testament to the exceptional terroir of Mazis-Chambertin. Crafted by the esteemed Champy winery, this 2005 vintage showcases the elegance and complexity of Pinot Noir.

* **Tasting Notes:** Expect a rich and structured palate with intense aromas of ripe red fruits, spice, and a hint of earthiness. The tannins are firm yet velvety, providing a long and lingering finish.

* **Suggested Pairings:** This wine pairs exceptionally well with roasted meats, game, and mature cheeses. Its robust character also complements hearty stews and casseroles.
Chateau Belair-Monange: Saint-Emilion Grand Cru, Premier Grand Cru Classe B 2018|Belair-Monange|Bordeaux|Saint-Emilion Grand Cru|France|Premier Grand Cru Classe B|2018|["Merlot","Cabernet Franc"]|Red|Wine|**Chateau Belair-Monange: Saint-Emilion Grand Cru, Premier Grand Cru Classe B 2018**

- **Description:**
   - This exceptional Bordeaux red wine hails from the esteemed Saint-Emilion Grand Cru appellation in France.
   - A blend of Merlot and Cabernet Franc, it embodies the region's signature elegance and complexity.

- **Tasting Notes:**
   - Aromas of ripe blackcurrant, plum, and cedarwood mingle with hints of spice and tobacco.
   - On the palate, it reveals a velvety texture, supple tannins, and a long, lingering finish.

- **Suggested Pairings:**
   - Perfect accompaniment to grilled or roasted red meats, hearty stews, and mature cheeses.
Chateau Brane-Cantenac: Margaux, 2eme Cru Classe 2018|Brane-Cantenac|Bordeaux|Margaux|France|2eme Cru Classe|2018|["Cabernet Sauvignon","Merlot","Cabernet Franc"]|Red|Wine|**Chateau Brane-Cantenac: Margaux, 2eme Cru Classe 2018**

* **Description:** This exquisite red wine from the esteemed Margaux region of Bordeaux is a blend of Cabernet Sauvignon, Merlot, and Cabernet Franc. Its 2eme Cru Classe classification signifies its exceptional quality and aging potential.

* **Tasting Notes:** On the palate, it offers a complex symphony of ripe black fruits, cassis, and cedar, complemented by elegant tannins and a lingering finish.

* **Suggested Pairings:** Perfectly paired with grilled red meats, hearty stews, and mature cheeses.
Chateau Calon Segur: Saint-Estephe, 3eme Cru Classe 2019|Calon Segur|Bordeaux|Saint-Estephe|France|3eme Cru Classe|2019|["Cabernet Sauvignon","Merlot","Petit Verdot"]|Red|Wine|**Chateau Calon Segur: Saint-Estephe, 3eme Cru Classe 2019**

- **Description:** This Bordeaux red wine is a blend of Cabernet Sauvignon, Merlot, and Petit Verdot grapes from the Saint-Estephe subregion. It is classified as a 3eme Cru Classe, indicating its exceptional quality.

- **Tasting Notes:** The wine exhibits aromas of dark fruit, spice, and cedar, with a full-bodied palate featuring firm tannins and a long, elegant finish.

- **Suggested Pairings:** Ideal for pairing with grilled meats, hearty stews, and mature cheeses.
Chateau Calon Segur: Saint-Estephe, 3eme Cru Classe 2018|Calon Segur|Bordeaux|Saint-Estephe|France|3eme Cru Classe|2018|["Cabernet Sauvignon","Merlot","Petit Verdot"]|Red|Wine|**Chateau Calon Segur: Saint-Estephe, 3eme Cru Classe 2018**

* **Description:** This exceptional red wine from the esteemed Chateau Calon Segur in Bordeaux, France, embodies the elegance and complexity of the Saint-Estephe appellation.

* **Tasting Notes:** Its blend of Cabernet Sauvignon, Merlot, and Petit Verdot offers a harmonious balance of ripe fruit, firm tannins, and subtle oak notes. Expect flavors of blackcurrant, plum, and hints of cedar.

* **Suggested Pairings:** Perfectly complement hearty dishes such as roasted lamb, grilled steaks, or mature cheeses.
Chateau Canon: Saint-Emilion Grand Cru, Premier Grand Cru Classe B 2019|Canon|Bordeaux|Saint-Emilion Grand Cru|France|Premier Grand Cru Classe B|2019|["Merlot","Cabernet Franc"]|Red|Wine|**Chateau Canon: Saint-Emilion Grand Cru, Premier Grand Cru Classe B 2019**

* **Description:** This Premier Grand Cru Classe B from the renowned Chateau Canon in Bordeaux, France, is a blend of Merlot and Cabernet Franc grapes. Aged for 18 months in French oak barrels, it showcases the exceptional terroir of Saint-Emilion Grand Cru.

* **Tasting Notes:** Rich and complex, with aromas of ripe black fruit, spice, and tobacco. On the palate, it is full-bodied and velvety, with firm tannins and a long, elegant finish.

* **Suggested Pairings:** Ideal with grilled red meats, such as lamb or beef, as well as hearty stews and casseroles.
Chateau Canon: Saint-Emilion Grand Cru, Premier Grand Cru Classe B 2018|Canon|Bordeaux|Saint-Emilion Grand Cru|France|Premier Grand Cru Classe B|2018|["Merlot","Cabernet Franc"]|Red|Wine|**Chateau Canon: Saint-Emilion Grand Cru, Premier Grand Cru Classe B 2018**

- **Region:** Bordeaux, France
- **Tasting Notes:** This Premier Grand Cru Classe B wine is a blend of Merlot and Cabernet Franc, offering a complex and elegant palate with aromas of ripe red fruits, spices, and a hint of oak.
- **Suggested Pairings:** Pairs well with grilled meats, roasted vegetables, and mature cheeses.
Chateau Corbin: Saint-Emilion Grand Cru, Grand Cru Classe 2016|Corbin|Bordeaux|Saint-Emilion Grand Cru|France|Grand Cru Classe|2016|["Merlot","Cabernet Franc","Cabernet Sauvignon"]|Red|Wine|**Chateau Corbin: Saint-Emilion Grand Cru, Grand Cru Classe 2016**

- **Description:** A prestigious Bordeaux red wine from the renowned Saint-Emilion Grand Cru appellation, crafted by the esteemed Chateau Corbin. Its 2016 vintage showcases a harmonious blend of Merlot, Cabernet Franc, and Cabernet Sauvignon.

- **Tasting Notes:** Aromas of ripe red fruits, cedar, and spice lead to a palate that is rich and velvety, with firm tannins and a long, elegant finish.

- **Suggested Pairings:** This wine pairs exquisitely with grilled red meats, lamb, and mature cheeses.
Chateau Figeac: Saint-Emilion Grand Cru, Premier Grand Cru Classe A 2018|Figeac|Bordeaux|Saint-Emilion Grand Cru|France|Premier Grand Cru Classe A|2018|["Cabernet Franc","Cabernet Sauvignon","Merlot"]|Red|Wine|**Chateau Figeac: Saint-Emilion Grand Cru, Premier Grand Cru Classe A 2018**

**Descriptions:**
- From the renowned Saint-Emilion Grand Cru region in Bordeaux, France
- A Premier Grand Cru Classe A wine, the highest classification in the region
- Crafted by the esteemed Chateau Figeac, known for its exceptional quality
- A blend of Cabernet Franc, Cabernet Sauvignon, and Merlot, showcasing the region's classic varietals

**Tasting Notes:**
- Rich and complex, with aromas of ripe red fruit, spice, and toasted oak
- Full-bodied and velvety on the palate, with flavors of blackcurrant, plum, and a hint of cocoa
- Long, elegant finish with well-integrated tannins and a lingering spice
Chateau d'Armailhac: Pauillac, 5eme Cru Classe 2019|d'Armailhac|Bordeaux|Pauillac|France|5eme Cru Classe|2019|["Cabernet Sauvignon","Merlot","Cabernet Franc"]|Red|Wine|**Chateau d'Armailhac: Pauillac, 5eme Cru Classe 2019**

- **Description:** This exceptional red wine from the renowned Bordeaux region of France is a blend of Cabernet Sauvignon, Merlot, and Cabernet Franc grapes. Classified as a 5eme Cru Classe, it showcases the exceptional quality and terroir of the Pauillac sub-region.

- **Tasting Notes:** The wine boasts a deep garnet color with aromas of ripe blackcurrant, cedar, and spice. On the palate, it is full-bodied and structured, with velvety tannins and a long, lingering finish.

- **Suggested Pairings:** This elegant wine pairs perfectly with grilled red meats, roasted lamb, and aged cheeses.
Chateau Giscours: Margaux, 3eme Cru Classe 2016|Giscours|Bordeaux|Margaux|France|3eme Cru Classe|2016|["Cabernet Sauvignon","Merlot"]|Red|Wine|**Chateau Giscours: Margaux, 3eme Cru Classe 2016**

* **Description:** This esteemed 3eme Cru Classe from the prestigious Margaux appellation in Bordeaux, France, is a testament to the region's exceptional terroir. Crafted by Chateau Giscours, this 2016 vintage showcases a classic blend of Cabernet Sauvignon and Merlot.

* **Tasting Notes:** The wine exhibits an intense ruby color with garnet reflections. Its complex bouquet reveals aromas of ripe blackcurrants, cedar, and hints of spice. On the palate, it offers a full-bodied and well-structured experience, with velvety tannins and a lingering finish.

* **Suggested Pairings:** This elegant red wine pairs exceptionally well with roasted lamb, grilled ribeye steak, or mature cheeses.
Chateau Giscours: Margaux, 3eme Cru Classe 2017|Giscours|Bordeaux|Margaux|France|3eme Cru Classe|2017|["Cabernet Sauvignon","Merlot"]|Red|Wine|**Chateau Giscours: Margaux, 3eme Cru Classe 2017**

- **Descriptions:**
    - This is a red wine from the Margaux region of Bordeaux, France.
    - It is a 3eme Cru Classe wine, which means it is considered to be one of the top wines in the region.
    - The wine is made from a blend of Cabernet Sauvignon and Merlot grapes.
    - It has a deep garnet color and a complex aroma of ripe fruit, spice, and oak.
    - The wine is full-bodied and has a smooth, velvety texture.

- **Tasting Notes:**
    - The wine has a rich, concentrated flavor of ripe black fruit, spice, and oak.
    - It has a long, lingering finish with hints of chocolate and coffee.

- **Suggested Pairings:**
    - The wine pairs well with grilled meats, roasted vegetables, and hard cheeses.
Chateau Haut-Brion: Pessac-Leognan, Premier Cru Classe 2009|Haut-Brion|Bordeaux|Pessac-Leognan|France|Premier Cru Classe|2009|["Cabernet Sauvignon","Merlot","Cabernet Franc"]|Red|Wine|**Chateau Haut-Brion: Pessac-Leognan, Premier Cru Classe 2009**

- **Description:** This exceptional red wine from the renowned Chateau Haut-Brion in Bordeaux, France, is a blend of Cabernet Sauvignon, Merlot, and Cabernet Franc. As a Premier Cru Classe, it showcases the region's finest terroir and meticulous winemaking techniques.

- **Tasting Notes:** The wine exhibits a deep ruby color with aromas of ripe black fruits, cedar, and tobacco. On the palate, it offers a full-bodied and velvety texture with flavors of cassis, plum, and spice. The tannins are firm but elegant, promising excellent aging potential.

- **Suggested Pairings:** This opulent wine pairs superbly with roasted lamb, grilled steak, or mature cheeses.
Chateau Lafite Rothschild: Pauillac, Premier Cru Classe 2018|Lafite Rothschild|Bordeaux|Pauillac|France|Premier Cru Classe|2018|["Cabernet Sauvignon","Merlot"]|Red|Wine|**Chateau Lafite Rothschild: Pauillac, Premier Cru Classe 2018**

- **Description:** This Premier Cru Classe red wine from the renowned Chateau Lafite Rothschild in Pauillac, Bordeaux, France, is a blend of Cabernet Sauvignon and Merlot.

- **Tasting Notes:** The wine exhibits a deep garnet color with aromas of ripe black fruit, cedar, and spice. On the palate, it is full-bodied with velvety tannins, a complex structure, and a long, lingering finish.

- **Suggested Pairings:** This wine pairs well with grilled red meats, roasted lamb, and mature cheeses.
Chateau Lafite Rothschild: Pauillac, Premier Cru Classe 2019|Lafite Rothschild|Bordeaux|Pauillac|France|Premier Cru Classe|2019|["Cabernet Sauvignon","Merlot","Cabernet Franc"]|Red|Wine|**Chateau Lafite Rothschild: Pauillac, Premier Cru Classe 2019**

- **Region:** Bordeaux, France
- **Producer:** Lafite Rothschild
- **Vintage:** 2019
- **Varietal Blend:** Cabernet Sauvignon, Merlot, Cabernet Franc
- **Classification:** Premier Cru Classe
- **Style:** Red Wine

**Description:**

- This legendary Bordeaux wine exhibits exceptional complexity and elegance, showcasing the finest expression of the Pauillac terroir.
- Aged for 18-24 months in new French oak barrels, it reveals aromas of ripe blackcurrant, cedar, and spice.
- On the palate, it offers a velvety texture, with firm tannins and a long, lingering finish.

**Tasting Notes:**

- Aromas of ripe blackcurrant, cedar, and spice
- Velvety texture with firm tannins
- Long, lingering finish

**Suggested Pairings:**

- Roasted lamb or beef
- Grilled salmon or tuna
- Mature cheeses
Chateau Latour: Pauillac, Premier Cru Classe 2014|Latour|Bordeaux|Pauillac|France|Premier Cru Classe|2014|["Cabernet Sauvignon","Merlot","Cabernet Franc"]|Red|Wine|**Chateau Latour: Pauillac, Premier Cru Classe 2014**

- **Description:** A prestigious red wine from the renowned Chateau Latour in the Pauillac subregion of Bordeaux, France. Crafted from a blend of Cabernet Sauvignon, Merlot, and Cabernet Franc, this Premier Cru Classe wine showcases the exceptional terroir and winemaking prowess of the estate.

- **Tasting Notes:** The wine exhibits an intense ruby color with aromas of ripe blackcurrants, cassis, and hints of cedar. On the palate, it offers a full-bodied and structured experience with velvety tannins, concentrated dark fruit flavors, and a long, lingering finish.

- **Suggested Pairings:** This opulent wine pairs exceptionally well with grilled or roasted red meats, such as prime rib, lamb chops, or venison. It also complements hearty stews and casseroles.
Chateau Latour: Pauillac, Premier Cru Classe 2013|Latour|Bordeaux|Pauillac|France|Premier Cru Classe|2013|["Cabernet Sauvignon","Merlot"]|Red|Wine|**Chateau Latour: Pauillac, Premier Cru Classe 2013**

- **Description:** A highly acclaimed Bordeaux red from the legendary Chateau Latour, this 2013 vintage is a blend of Cabernet Sauvignon and Merlot, showcasing the exceptional terroir of Pauillac.

- **Tasting Notes:** Rich and complex, with aromas of blackcurrant, cedar, and graphite. On the palate, it offers a full-bodied structure, firm tannins, and a long, elegant finish.

- **Suggested Pairings:** Enjoy with roasted lamb, grilled steak, or mature cheeses.
Chateau Leoville Las Cases: Saint-Julien, 2eme Cru Classe 2019|Leoville Las Cases|Bordeaux|Saint-Julien|France|2eme Cru Classe|2019|["Cabernet Sauvignon","Merlot","Petit Verdot"]|Red|Wine|**Chateau Leoville Las Cases: Saint-Julien, 2eme Cru Classe 2019**

* **Description:** This Bordeaux red wine is a blend of Cabernet Sauvignon, Merlot, and Petit Verdot grapes from the Saint-Julien subregion. It is classified as a 2eme Cru Classe, indicating its high quality and prestige.

* **Tasting Notes:** The wine exhibits aromas of blackcurrant, cedar, and tobacco, with a full-bodied palate featuring ripe tannins and a long, elegant finish.

* **Suggested Pairings:** This wine pairs well with roasted lamb, grilled steak, or mature cheeses.
Chateau Margaux: Margaux, Premier Cru Classe 2019|Margaux|Bordeaux|Margaux|France|Premier Cru Classe|2019|["Cabernet Sauvignon","Merlot"]|Red|Wine|**Chateau Margaux: Margaux, Premier Cru Classe 2019**

- **Description:**
   - A highly acclaimed red wine from the prestigious Chateau Margaux in the renowned Margaux appellation of Bordeaux, France.
   - This Premier Cru Classe wine is a blend of Cabernet Sauvignon and Merlot, offering a complex and elegant expression of the terroir.
   - Aged for 18 months in new French oak barrels, it exhibits exceptional depth and structure.

- **Tasting Notes:**
   - Aromas of ripe blackberries, cassis, and cedarwood, complemented by hints of violet and graphite.
   - Full-bodied and concentrated on the palate, with velvety tannins and a long, persistent finish.

- **Suggested Pairings:**
   - Ideal with roasted lamb, grilled steak, or mature cheeses.
Chateau Mouton Rothschild: Pauillac, Premier Cru Classe 2017|Mouton Rothschild|Bordeaux|Pauillac|France|Premier Cru Classe|2017|["Cabernet Sauvignon","Merlot","Cabernet Franc","Petit Verdot"]|Red|Wine|**Chateau Mouton Rothschild: Pauillac, Premier Cru Classe 2017**

- **Description:** This Premier Cru Classe wine from the renowned Chateau Mouton Rothschild in Bordeaux, France, is a blend of Cabernet Sauvignon, Merlot, Cabernet Franc, and Petit Verdot.

- **Tasting Notes:** The 2017 vintage offers aromas of ripe black fruit, cedar, and spice, with a full-bodied palate that showcases velvety tannins and a long, elegant finish.

- **Suggested Pairings:** Ideal for special occasions, this wine pairs well with grilled red meats, roasted lamb, and mature cheeses.
Chateau Mouton Rothschild: Pauillac, Premier Cru Classe 2001|Mouton Rothschild|Bordeaux|Pauillac|France|Premier Cru Classe|2001|["Cabernet Sauvignon","Merlot","Cabernet Franc","Petit Verdot"]|Red|Wine|**Chateau Mouton Rothschild: Pauillac, Premier Cru Classe 2001**

- **Description:** This exceptional red wine from the renowned Chateau Mouton Rothschild in Bordeaux, France, is a blend of Cabernet Sauvignon, Merlot, Cabernet Franc, and Petit Verdot.

- **Tasting Notes:** The wine exhibits a deep garnet color with aromas of ripe black fruit, cedar, and spice. On the palate, it is full-bodied and well-structured, with velvety tannins and a long, lingering finish.

- **Suggested Pairings:** This Premier Cru Classe is an ideal accompaniment to grilled red meats, hearty stews, and mature cheeses.
Chateau Montrose: Saint-Estephe, 2eme Cru Classe 2015|Montrose|Bordeaux|Saint-Estephe|France|2eme Cru Classe|2015|["Cabernet Sauvignon","Merlot","Cabernet Franc","Petit Verdot"]|Red|Wine|**Chateau Montrose: Saint-Estephe, 2eme Cru Classe 2015**

* **Description:** A Bordeaux red wine from the Saint-Estephe subregion of France, this 2eme Cru Classe wine is a blend of Cabernet Sauvignon, Merlot, Cabernet Franc, and Petit Verdot grapes from the 2015 vintage.

* **Tasting Notes:** This full-bodied wine has a deep garnet color with aromas of ripe black fruit, cedar, and spice. On the palate, it is rich and concentrated with flavors of black cherry, plum, and cassis, supported by firm tannins and a long, elegant finish.

* **Suggested Pairings:** This wine pairs well with grilled red meats, roasted lamb, and hearty stews.
Chateau Mouton Rothschild: Pauillac, Premier Cru Classe 2018|Mouton Rothschild|Bordeaux|Pauillac|France|Premier Cru Classe|2018|["Cabernet Sauvignon","Merlot","Cabernet Franc"]|Red|Wine|**Chateau Mouton Rothschild: Pauillac, Premier Cru Classe 2018**

- **Description:** This prestigious Bordeaux red from the esteemed Chateau Mouton Rothschild showcases a harmonious blend of Cabernet Sauvignon, Merlot, and Cabernet Franc, offering an exceptional expression of the Pauillac terroir.

- **Tasting Notes:** The wine exhibits an alluring bouquet of ripe blackcurrants, cedar, and a touch of spice. On the palate, it delivers a full-bodied and velvety texture, with rich flavors of dark berries, cocoa, and a hint of minerality. The tannins are firm yet refined, promising excellent aging potential.

- **Suggested Pairings:** This opulent wine pairs exceptionally well with roasted lamb, grilled ribeye steak, or aged cheeses.
Chateau Mouton Rothschild: Pauillac, Premier Cru Classe 2019|Mouton Rothschild|Bordeaux|Pauillac|France|Premier Cru Classe|2019|["Cabernet Sauvignon","Merlot","Cabernet Franc"]|Red|Wine|**Chateau Mouton Rothschild: Pauillac, Premier Cru Classe 2019**

- **Description:** From the prestigious Pauillac appellation in Bordeaux, France, this Premier Cru Classe wine is a blend of Cabernet Sauvignon, Merlot, and Cabernet Franc.

- **Tasting Notes:** Offers an intense bouquet of ripe black fruit, spice, and cedar, supported by firm tannins and a long, elegant finish.

- **Suggested Pairings:** Pairs exceptionally well with grilled red meats, roasted lamb, and mature cheeses.
Chateau Pichon Baron: Pauillac, 2eme Cru Classe 2019|Pichon Baron|Bordeaux|Pauillac|France|2eme Cru Classe|2019|["Cabernet Sauvignon","Merlot","Cabernet Franc"]|Red|Wine|**Chateau Pichon Baron: Pauillac, 2eme Cru Classe 2019**

**Description:**
- A prestigious 2eme Cru Classe red wine from the renowned Pauillac subregion of Bordeaux, France.
- Crafted by the esteemed Pichon Baron winery, this vintage showcases the exceptional quality of the 2019 growing season.
- A classic Bordeaux blend of Cabernet Sauvignon, Merlot, and Cabernet Franc, exhibiting elegance and complexity.

**Tasting Notes:**
- Rich and concentrated, with aromas of ripe blackcurrants, cassis, and cedar.
- On the palate, it reveals a velvety texture, supple tannins, and a long, lingering finish.

**Suggested Pairings:**
- Ideal accompaniment to grilled red meats, such as prime rib or lamb chops.
- Pairs well with hearty stews, casseroles, and mature cheeses.
Chateau Pichon Longueville Comtesse de Lalande: Pauillac, 2eme Cru Classe 2018|Pichon Longueville Comtesse de Lalande|Bordeaux|Pauillac|France|2eme Cru Classe|2018|["Cabernet Sauvignon","Merlot","Cabernet Franc"]|Red|Wine|**Chateau Pichon Longueville Comtesse de Lalande: Pauillac, 2eme Cru Classe 2018**

* **Descriptions:**
    * A highly sought-after Bordeaux red from the prestigious Pauillac subregion.
    * Crafted from a blend of Cabernet Sauvignon, Merlot, and Cabernet Franc grapes.
    * Classified as a 2eme Cru Classe, indicating its exceptional quality and rarity.

* **Tasting Notes:**
    * Intense aromas of blackcurrant, cedar, and tobacco.
    * Full-bodied and structured on the palate, with velvety tannins and a long, elegant finish.

* **Suggested Pairings:**
    * Pairs well with grilled red meats, such as steak or lamb.
    * Can also be enjoyed with mature cheeses or chocolate desserts.
Chateau Pichon Longueville Comtesse de Lalande: Pauillac, 2eme Cru Classe 2017|Pichon Longueville Comtesse de Lalande|Bordeaux|Pauillac|France|2eme Cru Classe|2017|["Cabernet Sauvignon","Merlot","Cabernet Franc"]|Red|Wine|**Chateau Pichon Longueville Comtesse de Lalande: Pauillac, 2eme Cru Classe 2017**

- **Description:** A prestigious Bordeaux red from the renowned Pauillac appellation, this 2eme Cru Classe wine showcases the elegance and power of the region.

- **Tasting Notes:** Aromas of ripe blackcurrant, cedar, and spice lead to a palate with velvety tannins, concentrated fruit flavors, and a long, lingering finish.

- **Suggested Pairings:** Pair with grilled red meats, roasted lamb, or mature cheeses.
Chateau Pontet-Canet: Pauillac, 5eme Cru Classe 2019|Pontet-Canet|Bordeaux|Pauillac|France|5eme Cru Classe|2019|["Cabernet Sauvignon","Merlot"]|Red|Wine|**Chateau Pontet-Canet: Pauillac, 5eme Cru Classe 2019**

- From the prestigious Pauillac appellation in Bordeaux, France, this 5eme Cru Classe wine is a blend of Cabernet Sauvignon and Merlot.

- Its 2019 vintage showcases a deep garnet color, with aromas of ripe blackcurrant, cedar, and a hint of spice.

- On the palate, it offers a full-bodied, velvety texture, with flavors of dark fruit, chocolate, and tobacco.

- The tannins are firm and well-integrated, providing a long, lingering finish.

- Pair this exceptional wine with grilled red meats, roasted lamb, or mature cheeses.
Chateau Pichon Longueville Comtesse de Lalande: Pauillac, 2eme Cru Classe 2019|Pichon Longueville Comtesse de Lalande|Bordeaux|Pauillac|France|2eme Cru Classe|2019|["Cabernet Sauvignon","Merlot","Cabernet Franc"]|Red|Wine|**Chateau Pichon Longueville Comtesse de Lalande: Pauillac, 2eme Cru Classe 2019**

- **Description:** This exceptional 2eme Cru Classe from the renowned Pauillac region in Bordeaux is a testament to the estate's meticulous winemaking. Crafted from a blend of Cabernet Sauvignon, Merlot, and Cabernet Franc, it showcases the region's classic elegance and complexity.

- **Tasting Notes:** The wine exhibits a deep garnet color with aromas of ripe blackcurrant, cedar, and spice. On the palate, it is full-bodied and velvety, with flavors of dark fruit, tobacco, and a hint of minerality. The tannins are firm but well-integrated, providing structure and balance.

- **Suggested Pairings:** This versatile wine pairs beautifully with grilled red meats, hearty stews, and aged cheeses. Its complexity also makes it an excellent choice for special occasions or as a collector's item.
Chateau Rauzan-Segla: Margaux, 2eme Cru Classe 2019|Rauzan-Segla|Bordeaux|Margaux|France|2eme Cru Classe|2019|["Cabernet Sauvignon","Merlot","Cabernet Franc","Petit Verdot"]|Red|Wine|**Chateau Rauzan-Segla: Margaux, 2eme Cru Classe 2019**

- **Description:** This exceptional 2eme Cru Classe wine from the renowned Margaux appellation in Bordeaux, France, is a testament to the region's finest winemaking traditions.

- **Tasting Notes:** Its complex bouquet reveals aromas of ripe blackcurrant, cedar, and spice, leading to a palate that is both powerful and elegant, with velvety tannins and a long, lingering finish.

- **Suggested Pairings:** Perfectly complements grilled red meats, lamb, and mature cheeses.
Domaine Armand Rousseau: Chambertin-Clos de Beze, Grand Cru 2015|Armand Rousseau|Burgundy|Chambertin-Clos de Beze|France|Grand Cru|2015|["Pinot Noir"]|Red|Wine|**Title:** Domaine Armand Rousseau: Chambertin-Clos de Beze, Grand Cru 2015

* **Description:** This esteemed red wine hails from the renowned Burgundy region of France, showcasing the exceptional quality of its Grand Cru classification.

* **Tasting Notes:** Expect an elegant and complex bouquet, with aromas of ripe black cherry, earth, and a hint of spice. On the palate, it reveals a velvety texture, showcasing flavors of dark fruit, mineral, and a long, lingering finish.

* **Suggested Pairings:** This exceptional wine pairs harmoniously with roasted lamb, grilled steak, or mature cheeses.
Domaine Comte Georges de Vogue: Musigny, Grand Cru, Cuvee Vieilles Vignes 2015|Comte Georges de Vogue|Burgundy|Musigny|France|Grand Cru|2015|["Pinot Noir"]|Red|Wine|**Domaine Comte Georges de Vogue: Musigny, Grand Cru, Cuvee Vieilles Vignes 2015**

- **Description:** This prestigious red wine from Burgundy, France, is a Grand Cru from the renowned Musigny vineyard. Crafted by Comte Georges de Vogue, this 2015 vintage showcases the exceptional quality of Pinot Noir grapes.

- **Tasting Notes:** Expect a complex and elegant wine with aromas of ripe red fruits, spices, and a hint of minerality. On the palate, it offers a velvety texture, balanced acidity, and a long, lingering finish.

- **Suggested Pairings:** Enjoy this wine with roasted meats, game dishes, or hard cheeses to complement its rich flavors and elegant character.
Domaine Comte Georges de Vogue: Musigny, Grand Cru, Cuvee Vieilles Vignes 2019|Comte Georges de Vogue|Burgundy|Musigny|France|Grand Cru|2019|["Pinot Noir"]|Red|Wine|**Domaine Comte Georges de Vogue: Musigny, Grand Cru, Cuvee Vieilles Vignes 2019**

* **Region:** Burgundy, France
* **Tasting Notes:** This exceptional Grand Cru Pinot Noir from the renowned Musigny vineyard showcases an intense bouquet of ripe red berries, violets, and subtle spice. On the palate, it delivers a full-bodied and velvety texture, with flavors of black cherry, plum, and a hint of earthiness.
* **Suggested Pairings:** Perfectly complements roasted lamb, grilled salmon, or a hearty beef stew.
Domaine Genot-Boulanger: Corton-Charlemagne, Grand Cru 2019|Genot-Boulanger|Burgundy|Corton-Charlemagne|France|Grand Cru|2019|["Chardonnay"]|White|Wine|**Domaine Genot-Boulanger: Corton-Charlemagne, Grand Cru 2019**

- This Grand Cru white wine from Burgundy, France, is a testament to the exceptional terroir of the Corton-Charlemagne vineyard.

- The 2019 vintage showcases the elegance and complexity of Chardonnay, with aromas of ripe citrus, white flowers, and subtle oak.

- On the palate, it is full-bodied and well-structured, with a vibrant acidity that balances the rich flavors of ripe fruit and toasted almonds.

- The lingering finish reveals hints of minerality and a touch of honeyed sweetness.

- Pair with grilled seafood, creamy pasta dishes, or aged cheeses to fully appreciate its versatility and gastronomic potential.
Domaine des Lambrays: Clos des Lambrays, Grand Cru 2019|des Lambrays|Burgundy|Clos des Lambrays|France|Grand Cru|2019|["Pinot Noir"]|Red|Wine|**Domaine des Lambrays: Clos des Lambrays, Grand Cru 2019**

- **Description:** A prestigious Grand Cru red wine from the renowned Burgundy region of France, crafted by the esteemed Domaine des Lambrays.

- **Tasting Notes:** Exhibits an elegant and complex bouquet with aromas of ripe red fruits, spices, and a hint of minerality. On the palate, it offers a velvety texture, balanced acidity, and a long, lingering finish.

- **Suggested Pairings:** Complements grilled red meats, roasted game, and mature cheeses.
Domaine Marquis d'Angerville: Volnay, Premier Cru, Champans 2017|Marquis d'Angerville|Burgundy|Volnay|France|Premier Cru|2017|["Pinot Noir"]|Red|Wine|- **Title:** Domaine Marquis d'Angerville: Volnay, Premier Cru, Champans 2017
- **Description:** This Premier Cru red wine from Burgundy, France, is made from 100% Pinot Noir grapes. It has a complex aroma of red fruits, spices, and minerals. The palate is full-bodied and velvety, with a long, lingering finish.
- **Tasting Notes:** Aromas of red fruits, spices, and minerals. Flavors of red fruits, earth, and spice. Full-bodied and velvety, with a long, lingering finish.
- **Suggested Pairings:** This wine pairs well with roasted lamb, grilled salmon, or mushroom risotto.
Domaine Nicole Lamarche: Echezeaux, Grand Cru 2018|Nicole Lamarche|Burgundy|Echezeaux|France|Grand Cru|2018|["Pinot Noir"]|Red|Wine|**Domaine Nicole Lamarche: Echezeaux, Grand Cru 2018**

* **Description:** A highly sought-after red wine from the prestigious Burgundy region of France. This Grand Cru wine is crafted from 100% Pinot Noir grapes and showcases the exceptional terroir of the Echezeaux vineyard.

* **Tasting Notes:** Intense aromas of ripe red fruits, such as cherries and raspberries, mingle with subtle hints of spice and earth. The palate is full-bodied and velvety, with elegant tannins and a long, lingering finish.

* **Suggested Pairings:** This wine pairs beautifully with roasted meats, such as lamb or beef, as well as hearty stews and casseroles. It can also be enjoyed on its own as a contemplative after-dinner treat.
Domaine Nicole Lamarche: Clos de Vougeot, Grand Cru 2017|Nicole Lamarche|Burgundy|Clos de Vougeot|France|Grand Cru|2017|["Pinot Noir"]|Red|Wine|**Domaine Nicole Lamarche: Clos de Vougeot, Grand Cru 2017**

- **Description:**
    - A prestigious red wine from the renowned Burgundy region of France, crafted by the esteemed Nicole Lamarche.
    - This Grand Cru bottling showcases the exceptional terroir of Clos de Vougeot, renowned for producing some of the world's finest Pinot Noir.

- **Tasting Notes:**
    - Intense aromas of dark cherry, plum, and spice, with subtle hints of earth and leather.
    - On the palate, it exhibits a full-bodied structure with velvety tannins, delivering flavors of ripe red fruit, chocolate, and a lingering finish.

- **Suggested Pairings:**
    - Pairs effortlessly with roasted meats, game birds, and hearty stews.
    - Also complements mature cheeses and grilled vegetables.
Domaine Nicole Lamarche: Clos de Vougeot, Grand Cru 2016|Nicole Lamarche|Burgundy|Clos de Vougeot|France|Grand Cru|2016|["Pinot Noir"]|Red|Wine|**Clos de Vougeot, Grand Cru 2016**

**Descriptions:**
- This Grand Cru red wine hails from the renowned Burgundy region of France.
- Crafted by the esteemed Domaine Nicole Lamarche, this 2016 vintage showcases the exceptional quality of Clos de Vougeot.
- Made exclusively from Pinot Noir grapes, this wine embodies the elegance and complexity of its terroir.

**Tasting Notes:**
- Aromas of ripe red fruits, spice, and subtle earthiness fill the nose.
- On the palate, it presents a velvety texture with flavors of cherry, plum, and a hint of oak.
- The wine finishes with a long, lingering aftertaste that reveals its complexity and aging potential.

**Suggested Pairings:**
- Rich and flavorful dishes such as roasted lamb, grilled steak, or hearty stews.
- It also complements aged cheeses and charcuterie platters.
Domaine Nicole Lamarche: La Grande Rue, Grand Cru 2018|Nicole Lamarche|Burgundy|La Grande Rue|France|Grand Cru|2018|["Pinot Noir"]|Red|Wine|**Domaine Nicole Lamarche: La Grande Rue, Grand Cru 2018**

- **Descriptions:**
    - This Grand Cru Burgundy is a testament to the exceptional terroir of La Grande Rue.
    - Crafted by renowned winemaker Nicole Lamarche, it showcases the elegance and complexity of Pinot Noir.
    - The 2018 vintage offers a balance of ripe fruit and vibrant acidity, resulting in a harmonious and age-worthy wine.

- **Tasting Notes:**
    - Aromas of red berries, cherry, and spice mingle with hints of earth and minerality.
    - On the palate, it reveals a silky texture, with flavors of ripe fruit, floral notes, and a touch of oak.
    - The finish is long and elegant, leaving a lingering impression of finesse and complexity.

- **Suggested Pairings:**
    - Enjoy this wine with roasted lamb, grilled salmon, or mushroom risotto.
Domaine Nicole Lamarche: La Grande Rue, Grand Cru 2017|Nicole Lamarche|Burgundy|La Grande Rue|France|Grand Cru|2017|["Pinot Noir"]|Red|Wine|**Domaine Nicole Lamarche: La Grande Rue, Grand Cru 2017**

- **Region:** Burgundy, France
- **Description:** This Grand Cru Pinot Noir from the esteemed Domaine Nicole Lamarche showcases the exceptional terroir of La Grande Rue. Aged for 18 months in French oak barrels, it exhibits a complex and elegant character.
- **Tasting Notes:** Aromas of ripe red fruits, violets, and earthy notes lead to a palate that is both rich and balanced. Silky tannins provide structure, while a lingering finish reveals hints of spice and minerality.
- **Suggested Pairings:** Ideal with roasted meats, game dishes, and hard cheeses.
Jacques-Frederic Mugnier: Nuits-Saint-Georges, Premier Cru, Clos de la Marechale, Rouge 2014|Jacques-Frederic Mugnier|Burgundy|Nuits-Saint-Georges|France|Premier Cru|2014|["Pinot Noir"]|Red|Wine|**Jacques-Frederic Mugnier: Nuits-Saint-Georges, Premier Cru, Clos de la Marechale, Rouge 2014**

- **Description:** A highly sought-after Burgundy from the renowned Jacques-Frederic Mugnier, this Premier Cru Pinot Noir showcases the elegance and complexity of the Nuits-Saint-Georges appellation.

- **Tasting Notes:** Aromas of ripe red fruits, violets, and earthy notes lead to a palate that is both rich and refined, with velvety tannins and a lingering finish.

- **Suggested Pairings:** Ideal with roasted lamb, grilled salmon, or earthy mushroom dishes.
Jacques-Frederic Mugnier: Nuits-Saint-Georges, Premier Cru, Clos de la Marechale, Rouge 2017|Jacques-Frederic Mugnier|Burgundy|Nuits-Saint-Georges|France|Premier Cru|2017|["Pinot Noir"]|Red|Wine|**Jacques-Frederic Mugnier: Nuits-Saint-Georges, Premier Cru, Clos de la Marechale, Rouge 2017**

**Descriptions:**
- A Premier Cru red wine from the renowned Burgundy region of France.
- Produced by Jacques-Frederic Mugnier, a highly acclaimed winemaker.
- Made exclusively from Pinot Noir grapes, showcasing the classic characteristics of the variety.
- Aged for 18 months in French oak barrels, contributing complexity and elegance.
- Limited production, ensuring exclusivity and collectability.

**Tasting Notes:**
- Aromas of ripe red fruits, such as cherries and raspberries, with hints of spice and earth.
- On the palate, it is full-bodied and velvety, with a well-balanced acidity and tannins.
- Flavors of red berries, plums, and a touch of minerality linger on the long, harmonious finish.

**Suggested Pairings:**
- Roasted lamb or beef dishes
- Grilled salmon or tuna
- Mature cheeses, such as Comté or Gruyère
Jacques-Frederic Mugnier: Nuits-Saint-Georges, Premier Cru, Clos de la Marechale, Rouge 2019|Jacques-Frederic Mugnier|Burgundy|Nuits-Saint-Georges|France|Premier Cru|2019|["Pinot Noir"]|Red|Wine|**Jacques-Frederic Mugnier: Nuits-Saint-Georges, Premier Cru, Clos de la Marechale, Rouge 2019**

- **Description:** This Premier Cru red wine from Burgundy, France, is a masterful expression of Pinot Noir from the renowned Jacques-Frederic Mugnier winery.

- **Tasting Notes:** Expect a complex and elegant palate with notes of ripe red fruit, earthy undertones, and a subtle hint of spice. The wine boasts a velvety texture and a long, lingering finish.

- **Suggested Pairings:** This versatile wine pairs exceptionally well with roasted meats, grilled fish, and hearty stews. It also complements a wide range of cheeses, making it an ideal companion for any occasion.
Jacques-Frederic Mugnier: Nuits-Saint-Georges, Premier Cru, Clos de la Marechale, Rouge 2018|Jacques-Frederic Mugnier|Burgundy|Nuits-Saint-Georges|France|Premier Cru|2018|["Pinot Noir"]|Red|Wine|**Jacques-Frederic Mugnier: Nuits-Saint-Georges, Premier Cru, Clos de la Marechale, Rouge 2018**

- **Description:** A prestigious Premier Cru red wine from the renowned Burgundy region of France, crafted by the esteemed Jacques-Frederic Mugnier.

- **Tasting Notes:** Displays an elegant and complex bouquet with aromas of ripe red fruits, spice, and subtle earthy notes. On the palate, it is rich and velvety, with well-integrated tannins and a lingering finish.

- **Suggested Pairings:** Perfectly complements roasted lamb, grilled salmon, or hearty stews.
Salon: 2008|Salon|Champagne|Le Mesnil-sur-Oger|France|Grand Cru|2008|["Chardonnay"]|White|Wine|**Salon: 2008**

* **Description:**
    * A legendary Grand Cru Champagne from the esteemed Salon winery.
    * Crafted exclusively from Chardonnay grapes grown in the renowned Le Mesnil-sur-Oger vineyard.
    * Aged for a minimum of 10 years on lees, developing exceptional complexity and finesse.

* **Tasting Notes:**
    * Aromas of citrus, white flowers, and brioche.
    * On the palate, it reveals a creamy texture, vibrant acidity, and a lingering mineral finish.

* **Suggested Pairings:**
    * Oysters, caviar, and other delicate seafood dishes.
    * Roasted poultry or white fish with creamy sauces.
Salon: 2012|Salon|Champagne|Le Mesnil-sur-Oger|France|Grand Cru|2012|["Chardonnay"]|White|Wine|**Salon: 2012**

* **Description:**
    * A highly sought-after Grand Cru Champagne from the prestigious Le Mesnil-sur-Oger subregion in France.
    * Crafted exclusively from Chardonnay grapes, this vintage showcases the exceptional terroir and meticulous winemaking techniques of Salon.

* **Tasting Notes:**
    * Aromas of white flowers, citrus, and chalky minerality.
    * On the palate, it is rich and full-bodied with flavors of ripe apple, pear, and a hint of toast.
    * The finish is long and elegant, with a lingering minerality.

* **Suggested Pairings:**
    * Pairs well with seafood dishes, especially oysters and sushi.
    * Also complements white meats and creamy sauces.
Chateau Canon: Saint-Emilion Grand Cru, Premier Grand Cru Classe B 2016|Canon|Bordeaux|Saint-Emilion Grand Cru|France|Premier Grand Cru Classe B|2016|["Merlot","Cabernet Franc"]|Red|Wine|**Chateau Canon: Saint-Emilion Grand Cru, Premier Grand Cru Classe B 2016**

- **Description:** This Premier Grand Cru Classe B red wine from the Saint-Emilion Grand Cru region of Bordeaux, France, is a blend of Merlot and Cabernet Franc grapes.

- **Tasting Notes:** It has a deep garnet color with aromas of ripe black fruit, spice, and oak. The palate is full-bodied and velvety with flavors of black cherry, plum, and chocolate.

- **Suggested Pairings:** It pairs well with grilled or roasted red meats, game, and mature cheeses.
